Name,Address,Website,PhoneNumber,Email
Camel Crew The Gym | Best Fitness Center In Visakhapatnam | Gym In Visakhapatnam,"Flat no: 101, M.V.V Estate, Opp: Kotak salesian school, Chinna Waltair, Visakhapatnam, Andhra Pradesh 530017, India",,+91 99663 54003,
Anytime Fitness Visakhapatnam,"4th floor, Jos Alukkas building, Opp, Sampath Vinayaka Temple Rd, Visakhapatnam, Andhra Pradesh 530003, India",https://www.anytimefitness.co.in/membership-inquiry/?club=IN-1012,+91 88483 08455,
Varun Fitness,"Varun Towers D/NO:7-8-1/4 First Floor, Kasturba Marg, Siripuram, Visakhapatnam, Andhra Pradesh 530003, India",http://www.varunfitness.com/,+91 62810 91515,
ABS Fitness GYM | Best Fitness Center in Visakhapatanm | Best GYM,"1st Floor, 50-53-4/7, opp. Bank of Baroda, Seethammadara, Andhra Pradesh 530013, India",https://sites.google.com/view/abs-fitness/,+91 95054 94477,
FIT AND GYM,"P8JP HHQ, beside Athidhi Devo Bhava, Vijayanagar Colony, Lawsons Bay Colony, Pedda Waltair, Visakhapatnam, Andhra Pradesh 530017, India",,+91 91213 31234,
Vigor The Fitness Club,"Ram gardens, Road, no 1, 100 Feet ROAD, beside miracle Centre, Yendada, Visakhapatnam, Andhra Pradesh 530045, India",,+91 99121 61239,
Club F7,"Gangapur Layout, near Governor's Bungalow, Siripuram, Visakhapatnam, Andhra Pradesh 530003, India",http://clubf7.in/,+91 99496 11816,
Squad fitness,"SRIKANYA THEATRE near pai international bata showroom building 1st floor road, Railway New Colony, Visakhapatnam, Andhra Pradesh 530016, India",,,
Oxyzen fitness A/c,"Jail Rd, beside sowbagya hotel, above bikers studio, sbi down, Visakhapatnam, Andhra Pradesh 530002, India",,+91 77997 47576,
SS FITNESS WORLD,"3rd Floor, Nlp raju complex, 60 Feet Rd, beside Green Apple Hotel, above apollo pharmacy, Old Gajuwaka, Visakhapatnam, Andhra Pradesh 530026, India",,+91 95055 55966,
